{
  "overall": {
    "iou": {
      "mean": 0.3518369780116207,
      "std": 0.006756678763737172,
      "min": 0.35,
      "max": 0.3787867472333296,
      "median": 0.35,
      "q25": 0.35,
      "q75": 0.35
    },
    "dice": {
      "mean": 0.40346713581838994,
      "std": 0.012745991989953274,
      "min": 0.4,
      "max": 0.454304010785305,
      "median": 0.4,
      "q25": 0.4,
      "q75": 0.4
    },
    "precision": {
      "mean": 0.6617647058823528,
      "std": 0.13342701437898535,
      "min": 0.6,
      "max": 0.95,
      "median": 0.6,
      "q25": 0.6,
      "q75": 0.6
    },
    "recall": {
      "mean": 0.6514695824092976,
      "std": 0.005405343010993407,
      "min": 0.65,
      "max": 0.6730293977866794,
      "median": 0.65,
      "q25": 0.65,
      "q75": 0.65
    },
    "f1": {
      "mean": 0.5951752845596053,
      "std": 0.04657110881505913,
      "min": 0.5736842055401663,
      "max": 0.7078096008331609,
      "median": 0.5736842055401663,
      "q25": 0.5736842055401663,
      "q75": 0.5736842055401663
    },
    "accuracy": {
      "mean": 0.7233362534466912,
      "std": 0.05446276489941244,
      "min": 0.6547180175781251,
      "max": 0.7737915039062501,
      "median": 0.76251220703125,
      "q25": 0.658819580078125,
      "q75": 0.7713562011718751
    },
    "specificity": {
      "mean": 0.92,
      "std": 0.0,
      "min": 0.92,
      "max": 0.92,
      "median": 0.92,
      "q25": 0.92,
      "q75": 0.92
    },
    "area_error": {
      "mean": 0.2998622392906862,
      "std": 0.0005067495478830768,
      "min": 0.29784101247787476,
      "max": 0.30000001192092896,
      "median": 0.30000001192092896,
      "q25": 0.30000001192092896,
      "q75": 0.30000001192092896
    }
  },
  "by_region": {
    "RGI14_Karakoram": {
      "iou": {
        "mean": 0.35036178515130345,
        "std": 0.0008089761915645299,
        "count": 6
      },
      "dice": {
        "mean": 0.4006870189575908,
        "std": 0.001536221091004044,
        "count": 6
      },
      "precision": {
        "mean": 0.6583333333333333,
        "std": 0.13043729868748774,
        "count": 6
      },
      "recall": {
        "mean": 0.650289428121043,
        "std": 0.0006471809532521203,
        "count": 6
      },
      "f1": {
        "mean": 0.5930608997438177,
        "std": 0.04332760541859073,
        "count": 6
      },
      "accuracy": {
        "mean": 0.7721786499023439,
        "std": 0.0011514361492726475,
        "count": 6
      },
      "specificity": {
        "mean": 0.92,
        "std": 0.0,
        "count": 6
      },
      "area_error": {
        "mean": 0.29997287690639496,
        "std": 6.0675737068461133e-05,
        "count": 6
      }
    },
    "RGI17_SouthernAndes": {
      "iou": {
        "mean": 0.35,
        "std": 0.0,
        "count": 4
      },
      "dice": {
        "mean": 0.4,
        "std": 0.0,
        "count": 4
      },
      "precision": {
        "mean": 0.6,
        "std": 0.0,
        "count": 4
      },
      "recall": {
        "mean": 0.65,
        "std": 0.0,
        "count": 4
      },
      "f1": {
        "mean": 0.5736842055401663,
        "std": 0.0,
        "count": 4
      },
      "accuracy": {
        "mean": 0.7636978149414063,
        "std": 0.0032243106670186068,
        "count": 4
      },
      "specificity": {
        "mean": 0.92,
        "std": 0.0,
        "count": 4
      },
      "area_error": {
        "mean": 0.30000001192092896,
        "std": 0.0,
        "count": 4
      }
    },
    "RGI18_NewZealand": {
      "iou": {
        "mean": 0.35415113075567606,
        "std": 0.010057883493170825,
        "count": 7
      },
      "dice": {
        "mean": 0.4078313135952976,
        "std": 0.01897323187291014,
        "count": 7
      },
      "precision": {
        "mean": 0.7,
        "std": 0.15811388300841897,
        "count": 7
      },
      "recall": {
        "mean": 0.6533209046045431,
        "std": 0.00804630679454212,
        "count": 7
      },
      "f1": {
        "mean": 0.6092682309842458,
        "std": 0.05649589495525417,
        "count": 7
      },
      "accuracy": {
        "mean": 0.6584075927734376,
        "std": 0.002265259614617328,
        "count": 7
      },
      "specificity": {
        "mean": 0.92,
        "std": 0.0,
        "count": 7
      },
      "area_error": {
        "mean": 0.2996886798313686,
        "std": 0.0007543396372492615,
        "count": 7
      }
    }
  },
  "metadata": {
    "total_samples": 17,
    "num_regions": 3,
    "model_type": "timesformer",
    "image_size": 128,
    "inflated": true
  }
}